{"scene": {"scale": {"x": 29.0, "y": 29.0, "z": 29.0}}, "filename": "single_drone_single_target_move_right.blend", "robot_fovs": [1.4660766124725342], "sense_dist": 3.0, "num_targets": 1, "num_robots": 1, "num_frames": 20, "actor_positions": [[{"location": [6.155249118804932, 15.665892601013184, -0.25364819169044495], "rotation": [0.0, -0.0, 0.0], "weight": 1.0}], [{"location": [6.4428253173828125, 15.665892601013184, -0.25364819169044495], "rotation": [0.0, -0.0, 0.0], "weight": 1.0}], [{"location": [6.896710395812988, 15.665892601013184, -0.25364819169044495], "rotation": [0.0, -0.0, 0.0], "weight": 1.0}], [{"location": [7.4961161613464355, 15.665892601013184, -0.25364819169044495], "rotation": [0.0, -0.0, 0.0], "weight": 1.0}], [{"location": [8.220253944396973, 15.665892601013184, -0.25364819169044495], "rotation": [0.0, -0.0, 0.0], "weight": 1.0}], [{"location": [9.048334121704102, 15.665892601013184, -0.25364819169044495], "rotation": [0.0, -0.0, 0.0], "weight": 1.0}], [{"location": [9.959569931030273, 15.665892601013184, -0.25364819169044495], "rotation": [0.0, -0.0, 0.0], "weight": 1.0}], [{"location": [10.933170318603516, 15.665892601013184, -0.25364819169044495], "rotation": [0.0, -0.0, 0.0], "weight": 1.0}], [{"location": [11.948349952697754, 15.665892601013184, -0.25364819169044495], "rotation": [0.0, -0.0, 0.0], "weight": 1.0}], [{"location": [12.984315872192383, 15.665892601013184, -0.25364819169044495], "rotation": [0.0, -0.0, 0.0], "weight": 1.0}], [{"location": [14.020284652709961, 15.665892601013184, -0.25364819169044495], "rotation": [0.0, -0.0, 0.0], "weight": 1.0}], [{"location": [15.035463333129883, 15.665892601013184, -0.25364819169044495], "rotation": [0.0, -0.0, 0.0], "weight": 1.0}], [{"location": [16.009063720703125, 15.665892601013184, -0.25364819169044495], "rotation": [0.0, -0.0, 0.0], "weight": 1.0}], [{"location": [16.920299530029297, 15.665892601013184, -0.25364819169044495], "rotation": [0.0, -0.0, 0.0], "weight": 1.0}], [{"location": [17.748382568359375, 15.665892601013184, -0.25364819169044495], "rotation": [0.0, -0.0, 0.0], "weight": 1.0}], [{"location": [18.472515106201172, 15.665892601013184, -0.25364819169044495], "rotation": [0.0, -0.0, 0.0], "weight": 1.0}], [{"location": [19.071924209594727, 15.665892601013184, -0.25364819169044495], "rotation": [0.0, -0.0, 0.0], "weight": 1.0}], [{"location": [19.52581024169922, 15.665892601013184, -0.25364819169044495], "rotation": [0.0, -0.0, 0.0], "weight": 1.0}], [{"location": [19.813385009765625, 15.665892601013184, -0.25364819169044495], "rotation": [0.0, -0.0, 0.0], "weight": 1.0}], [{"location": [19.913864135742188, 15.665892601013184, -0.25364819169044495], "rotation": [0.0, -0.0, 0.0], "weight": 1.0}]]}