{"scene": {"scale": {"x": 20.0, "y": 20.0, "z": 20.0}}, "filename": "single_move_right_small.blend", "robot_fovs": [1.4660766124725342, 1.4660766124725342, 1.4660766124725342], "sense_dist": 3.0, "num_targets": 1, "num_robots": 3, "num_frames": 30, "actor_positions": [[{"location": [10.109554290771484, 10.81907844543457, -0.25364819169044495], "rotation": [0.0, -0.0, 0.0], "weight": 1.0}], [{"location": [10.109554290771484, 10.81907844543457, -0.25364819169044495], "rotation": [0.0, -0.0, 0.0], "weight": 1.0}], [{"location": [10.109554290771484, 10.81907844543457, -0.25364819169044495], "rotation": [0.0, -0.0, 0.0], "weight": 1.0}], [{"location": [10.109554290771484, 10.81907844543457, -0.25364819169044495], "rotation": [0.0, -0.0, 0.0], "weight": 1.0}], [{"location": [10.109554290771484, 10.81907844543457, -0.25364819169044495], "rotation": [0.0, -0.0, 0.0], "weight": 1.0}], [{"location": [10.109554290771484, 10.81907844543457, -0.25364819169044495], "rotation": [0.0, -0.0, 0.0], "weight": 1.0}], [{"location": [10.109554290771484, 10.81907844543457, -0.25364819169044495], "rotation": [0.0, -0.0, 0.0], "weight": 1.0}], [{"location": [10.109554290771484, 10.81907844543457, -0.25364819169044495], "rotation": [0.0, -0.0, 0.0], "weight": 1.0}], [{"location": [10.109554290771484, 10.81907844543457, -0.25364819169044495], "rotation": [0.0, -0.0, 0.0], "weight": 1.0}], [{"location": [10.109554290771484, 10.81907844543457, -0.25364819169044495], "rotation": [0.0, -0.0, 0.0], "weight": 1.0}], [{"location": [10.109554290771484, 10.81907844543457, -0.25364819169044495], "rotation": [0.0, -0.0, 0.0], "weight": 1.0}], [{"location": [10.109554290771484, 10.81907844543457, -0.25364819169044495], "rotation": [0.0, -0.0, 0.0], "weight": 1.0}], [{"location": [10.109554290771484, 10.81907844543457, -0.25364819169044495], "rotation": [0.0, -0.0, 0.0], "weight": 1.0}], [{"location": [10.109554290771484, 10.81907844543457, -0.25364819169044495], "rotation": [0.0, -0.0, 0.0], "weight": 1.0}], [{"location": [10.109554290771484, 10.81907844543457, -0.25364819169044495], "rotation": [0.0, -0.0, 0.0], "weight": 1.0}], [{"location": [10.109554290771484, 10.81907844543457, -0.25364819169044495], "rotation": [0.0, -0.0, 0.0], "weight": 1.0}], [{"location": [10.109554290771484, 10.81907844543457, -0.25364819169044495], "rotation": [0.0, -0.0, 0.0], "weight": 1.0}], [{"location": [10.109554290771484, 10.81907844543457, -0.25364819169044495], "rotation": [0.0, -0.0, 0.0], "weight": 1.0}], [{"location": [10.109554290771484, 10.81907844543457, -0.25364819169044495], "rotation": [0.0, -0.0, 0.0], "weight": 1.0}], [{"location": [10.109554290771484, 10.81907844543457, -0.25364819169044495], "rotation": [0.0, -0.0, 0.0], "weight": 1.0}], [{"location": [10.109554290771484, 10.81907844543457, -0.25364819169044495], "rotation": [0.0, -0.0, 0.0], "weight": 1.0}], [{"location": [10.109554290771484, 10.81907844543457, -0.25364819169044495], "rotation": [0.0, -0.0, 0.0], "weight": 1.0}], [{"location": [10.109554290771484, 10.81907844543457, -0.25364819169044495], "rotation": [0.0, -0.0, 0.0], "weight": 1.0}], [{"location": [10.109554290771484, 10.81907844543457, -0.25364819169044495], "rotation": [0.0, -0.0, 0.0], "weight": 1.0}], [{"location": [10.109554290771484, 10.81907844543457, -0.25364819169044495], "rotation": [0.0, -0.0, 0.0], "weight": 1.0}], [{"location": [10.109554290771484, 10.81907844543457, -0.25364819169044495], "rotation": [0.0, -0.0, 0.0], "weight": 1.0}], [{"location": [10.109554290771484, 10.81907844543457, -0.25364819169044495], "rotation": [0.0, -0.0, 0.0], "weight": 1.0}], [{"location": [10.109554290771484, 10.81907844543457, -0.25364819169044495], "rotation": [0.0, -0.0, 0.0], "weight": 1.0}], [{"location": [10.109554290771484, 10.81907844543457, -0.25364819169044495], "rotation": [0.0, -0.0, 0.0], "weight": 1.0}], [{"location": [10.109554290771484, 10.81907844543457, -0.25364819169044495], "rotation": [0.0, -0.0, 0.0], "weight": 1.0}]]}