{"scene": {"scale": {"x": 20.0, "y": 20.0, "z": 20.0}}, "filename": "face_weights.blend", "robot_fovs": [1.4660766124725342, 1.4660766124725342, 1.4660766124725342], "sense_dist": 3.0, "num_targets": 1, "num_robots": 3, "num_frames": 30, "actor_positions": [[{"location": [4.721824645996094, 15.028759002685547, 0.34517383575439453], "rotation": [0.0, -0.0, -2.6285078525543213], "weight": 3.0}], [{"location": [4.721824645996094, 15.028759002685547, 0.34517383575439453], "rotation": [0.0, -0.0, -2.6388158798217773], "weight": 3.0}], [{"location": [4.721824645996094, 15.028759002685547, 0.34517383575439453], "rotation": [0.0, -0.0, -2.6547462940216064], "weight": 3.0}], [{"location": [4.721824645996094, 15.028759002685547, 0.34517383575439453], "rotation": [0.0, -0.0, -2.6752769947052], "weight": 3.0}], [{"location": [4.721824645996094, 15.028759002685547, 0.34517383575439453], "rotation": [0.0, -0.0, -2.699385643005371], "weight": 3.0}], [{"location": [4.721824645996094, 15.028759002685547, 0.34517383575439453], "rotation": [0.0, -0.0, -2.7260501384735107], "weight": 3.0}], [{"location": [4.721824645996094, 15.028759002685547, 0.34517383575439453], "rotation": [0.0, -0.0, -2.7542479038238525], "weight": 3.0}], [{"location": [4.721824645996094, 15.028759002685547, 0.34517383575439453], "rotation": [0.0, -0.0, -2.782956600189209], "weight": 3.0}], [{"location": [4.721824645996094, 15.028759002685547, 0.34517383575439453], "rotation": [0.0, -0.0, -2.811154365539551], "weight": 3.0}], [{"location": [4.721824645996094, 15.028759002685547, 0.34517383575439453], "rotation": [0.0, -0.0, -2.8378188610076904], "weight": 3.0}], [{"location": [4.721824645996094, 15.028759002685547, 0.34517383575439453], "rotation": [0.0, -0.0, -2.8619275093078613], "weight": 3.0}], [{"location": [4.721824645996094, 15.028759002685547, 0.34517383575439453], "rotation": [0.0, -0.0, -2.882458209991455], "weight": 3.0}], [{"location": [4.721824645996094, 15.028759002685547, 0.34517383575439453], "rotation": [0.0, -0.0, -2.898388624191284], "weight": 3.0}], [{"location": [4.721824645996094, 15.028759002685547, 0.34517383575439453], "rotation": [0.0, -0.0, -2.9086966514587402], "weight": 3.0}], [{"location": [4.721824645996094, 15.028759002685547, 0.34517383575439453], "rotation": [0.0, -0.0, -2.9123597145080566], "weight": 3.0}], [{"location": [4.721824645996094, 15.028759002685547, 0.34517383575439453], "rotation": [0.0, -0.0, -2.904374122619629], "weight": 3.0}], [{"location": [4.721824645996094, 15.028759002685547, 0.34517383575439453], "rotation": [0.0, -0.0, -2.8819026947021484], "weight": 3.0}], [{"location": [4.721824645996094, 15.028759002685547, 0.34517383575439453], "rotation": [0.0, -0.0, -2.8471741676330566], "weight": 3.0}], [{"location": [4.721824645996094, 15.028759002685547, 0.34517383575439453], "rotation": [0.0, -0.0, -2.802417039871216], "weight": 3.0}], [{"location": [4.721824645996094, 15.028759002685547, 0.34517383575439453], "rotation": [0.0, -0.0, -2.7498600482940674], "weight": 3.0}], [{"location": [4.721824645996094, 15.028759002685547, 0.34517383575439453], "rotation": [0.0, -0.0, -2.6917314529418945], "weight": 3.0}], [{"location": [4.721824645996094, 15.028759002685547, 0.34517383575439453], "rotation": [0.0, -0.0, -2.6302602291107178], "weight": 3.0}], [{"location": [4.721824645996094, 15.028759002685547, 0.34517383575439453], "rotation": [0.0, -0.0, -2.5676746368408203], "weight": 3.0}], [{"location": [4.721824645996094, 15.028759002685547, 0.34517383575439453], "rotation": [0.0, -0.0, -2.5062034130096436], "weight": 3.0}], [{"location": [4.721824645996094, 15.028759002685547, 0.34517383575439453], "rotation": [0.0, -0.0, -2.44807505607605], "weight": 3.0}], [{"location": [4.721824645996094, 15.028759002685547, 0.34517383575439453], "rotation": [0.0, -0.0, -2.3955183029174805], "weight": 3.0}], [{"location": [4.721824645996094, 15.028759002685547, 0.34517383575439453], "rotation": [0.0, -0.0, -2.3507609367370605], "weight": 3.0}], [{"location": [4.721824645996094, 15.028759002685547, 0.34517383575439453], "rotation": [0.0, -0.0, -2.3160324096679688], "weight": 3.0}], [{"location": [4.721824645996094, 15.028759002685547, 0.34517383575439453], "rotation": [0.0, -0.0, -2.2935609817504883], "weight": 3.0}], [{"location": [4.721824645996094, 15.028759002685547, 0.34517383575439453], "rotation": [0.0, -0.0, -2.2855753898620605], "weight": 3.0}]]}