{"scene": {"scale": {"x": 20.0, "y": 20.0, "z": 20.0}}, "filename": "single_move_right_small.blend", "robot_fovs": [1.4660766124725342, 1.4660766124725342], "sense_dist": 3.0, "num_targets": 1, "num_robots": 2, "num_frames": 20, "actor_positions": [[{"location": [3.512932300567627, 10.823206901550293, -0.25364819169044495], "rotation": [0.0, -0.0, 0.012505174614489079]}], [{"location": [3.8037641048431396, 10.835023880004883, -0.25364819169044495], "rotation": [0.0, -0.0, 0.048295848071575165]}], [{"location": [4.262787342071533, 10.853672981262207, -0.25364819169044495], "rotation": [0.0, -0.0, 0.10478469729423523]}], [{"location": [4.868978977203369, 10.878302574157715, -0.25364819169044495], "rotation": [0.0, -0.0, 0.1793845295906067]}], [{"location": [5.601314067840576, 10.90805721282959, -0.25364819169044495], "rotation": [0.0, -0.0, 0.2695080041885376]}], [{"location": [6.438769340515137, 10.942081451416016, -0.25364819169044495], "rotation": [0.0, -0.0, 0.3725678622722626]}], [{"location": [7.360320091247559, 10.979524612426758, -0.25364819169044495], "rotation": [0.0, -0.0, 0.48597681522369385]}], [{"location": [8.344943046569824, 11.019529342651367, -0.25364819169044495], "rotation": [0.0, -0.0, 0.6071475744247437]}], [{"location": [9.371614456176758, 11.06124210357666, -0.25364819169044495], "rotation": [0.0, -0.0, 0.733492910861969]}], [{"location": [10.419309616088867, 11.103809356689453, -0.25364819169044495], "rotation": [0.0, -0.0, 0.862425684928894]}], [{"location": [11.467004776000977, 11.146376609802246, -0.25364819169044495], "rotation": [0.0, -0.0, 0.9913580417633057]}], [{"location": [12.493675231933594, 11.188089370727539, -0.25364819169044495], "rotation": [0.0, -0.0, 1.1177033185958862]}], [{"location": [13.47829818725586, 11.228095054626465, -0.25364819169044495], "rotation": [0.0, -0.0, 1.238874077796936]}], [{"location": [14.399848937988281, 11.265536308288574, -0.25364819169044495], "rotation": [0.0, -0.0, 1.3522831201553345]}], [{"location": [15.2373046875, 11.299562454223633, -0.25364819169044495], "rotation": [0.0, -0.0, 1.4553433656692505]}], [{"location": [15.969639778137207, 11.329316139221191, -0.25364819169044495], "rotation": [0.0, -0.0, 1.5454667806625366]}], [{"location": [16.575834274291992, 11.353944778442383, -0.25364819169044495], "rotation": [0.0, -0.0, 1.6200661659240723]}], [{"location": [17.034854888916016, 11.372594833374023, -0.25364819169044495], "rotation": [0.0, -0.0, 1.6765551567077637]}], [{"location": [17.325687408447266, 11.384411811828613, -0.25364819169044495], "rotation": [0.0, -0.0, 1.712345838546753]}], [{"location": [17.427303314208984, 11.388540267944336, -0.25364819169044495], "rotation": [0.0, -0.0, 1.7248512506484985]}]]}