{"scene": {"scale": {"x": 29.0, "y": 29.0, "z": 29.0}}, "filename": "single_move_right.blend", "robot_fovs": [1.4660766124725342, 1.4660766124725342, 1.4660766124725342], "sense_dist": 3.0, "num_targets": 1, "num_robots": 3, "num_frames": 20, "actor_positions": [[{"location": [9.351898193359375, 15.665892601013184, -0.25364819169044495], "rotation": [0.0, -0.0, 0.0]}], [{"location": [9.572659492492676, 15.665892601013184, -0.25364819169044495], "rotation": [0.0, -0.0, 0.0]}], [{"location": [9.921090126037598, 15.665892601013184, -0.25364819169044495], "rotation": [0.0, -0.0, 0.0]}], [{"location": [10.381231307983398, 15.665892601013184, -0.25364819169044495], "rotation": [0.0, -0.0, 0.0]}], [{"location": [10.937124252319336, 15.665892601013184, -0.25364819169044495], "rotation": [0.0, -0.0, 0.0]}], [{"location": [11.572810173034668, 15.665892601013184, -0.25364819169044495], "rotation": [0.0, -0.0, 0.0]}], [{"location": [12.272330284118652, 15.665892601013184, -0.25364819169044495], "rotation": [0.0, -0.0, 0.0]}], [{"location": [13.01972770690918, 15.665892601013184, -0.25364819169044495], "rotation": [0.0, -0.0, 0.0]}], [{"location": [13.799041748046875, 15.665892601013184, -0.25364819169044495], "rotation": [0.0, -0.0, 0.0]}], [{"location": [14.594314575195312, 15.665892601013184, -0.25364819169044495], "rotation": [0.0, -0.0, 0.0]}], [{"location": [15.389585494995117, 15.665892601013184, -0.25364819169044495], "rotation": [0.0, -0.0, 0.0]}], [{"location": [16.168901443481445, 15.665892601013184, -0.25364819169044495], "rotation": [0.0, -0.0, 0.0]}], [{"location": [16.916297912597656, 15.665892601013184, -0.25364819169044495], "rotation": [0.0, -0.0, 0.0]}], [{"location": [17.61581802368164, 15.665892601013184, -0.25364819169044495], "rotation": [0.0, -0.0, 0.0]}], [{"location": [18.25150489807129, 15.665892601013184, -0.25364819169044495], "rotation": [0.0, -0.0, 0.0]}], [{"location": [18.807397842407227, 15.665892601013184, -0.25364819169044495], "rotation": [0.0, -0.0, 0.0]}], [{"location": [19.26753807067871, 15.665892601013184, -0.25364819169044495], "rotation": [0.0, -0.0, 0.0]}], [{"location": [19.615968704223633, 15.665892601013184, -0.25364819169044495], "rotation": [0.0, -0.0, 0.0]}], [{"location": [19.836732864379883, 15.665892601013184, -0.25364819169044495], "rotation": [0.0, -0.0, 0.0]}], [{"location": [19.913864135742188, 15.665892601013184, -0.25364819169044495], "rotation": [0.0, -0.0, 0.0]}]]}