{"scene": {"scale": {"x": 20.0, "y": 20.0, "z": 20.0}}, "filename": "stationary_single.blend", "robot_fovs": [1.4660766124725342], "sense_dist": 3.0, "num_targets": 1, "num_robots": 1, "num_frames": 60, "actor_positions": [[{"location": [9.965667724609375, 10.81907844543457, -0.25364819169044495], "rotation": [0.0, -0.0, 1.5707963705062866]}], [{"location": [9.965667724609375, 10.81907844543457, -0.25364819169044495], "rotation": [0.0, -0.0, 1.5707963705062866]}], [{"location": [9.965667724609375, 10.81907844543457, -0.25364819169044495], "rotation": [0.0, -0.0, 1.5707963705062866]}], [{"location": [9.965667724609375, 10.81907844543457, -0.25364819169044495], "rotation": [0.0, -0.0, 1.5707963705062866]}], [{"location": [9.965667724609375, 10.81907844543457, -0.25364819169044495], "rotation": [0.0, -0.0, 1.5707963705062866]}], [{"location": [9.965667724609375, 10.81907844543457, -0.25364819169044495], "rotation": [0.0, -0.0, 1.5707963705062866]}], [{"location": [9.965667724609375, 10.81907844543457, -0.25364819169044495], "rotation": [0.0, -0.0, 1.5707963705062866]}], [{"location": [9.965667724609375, 10.81907844543457, -0.25364819169044495], "rotation": [0.0, -0.0, 1.5707963705062866]}], [{"location": [9.965667724609375, 10.81907844543457, -0.25364819169044495], "rotation": [0.0, -0.0, 1.5707963705062866]}], [{"location": [9.965667724609375, 10.81907844543457, -0.25364819169044495], "rotation": [0.0, -0.0, 1.5707963705062866]}], [{"location": [9.965667724609375, 10.81907844543457, -0.25364819169044495], "rotation": [0.0, -0.0, 1.5707963705062866]}], [{"location": [9.965667724609375, 10.81907844543457, -0.25364819169044495], "rotation": [0.0, -0.0, 1.5707963705062866]}], [{"location": [9.965667724609375, 10.81907844543457, -0.25364819169044495], "rotation": [0.0, -0.0, 1.5707963705062866]}], [{"location": [9.965667724609375, 10.81907844543457, -0.25364819169044495], "rotation": [0.0, -0.0, 1.5707963705062866]}], [{"location": [9.965667724609375, 10.81907844543457, -0.25364819169044495], "rotation": [0.0, -0.0, 1.5707963705062866]}], [{"location": [9.965667724609375, 10.81907844543457, -0.25364819169044495], "rotation": [0.0, -0.0, 1.5707963705062866]}], [{"location": [9.965667724609375, 10.81907844543457, -0.25364819169044495], "rotation": [0.0, -0.0, 1.5707963705062866]}], [{"location": [9.965667724609375, 10.81907844543457, -0.25364819169044495], "rotation": [0.0, -0.0, 1.5707963705062866]}], [{"location": [9.965667724609375, 10.81907844543457, -0.25364819169044495], "rotation": [0.0, -0.0, 1.5707963705062866]}], [{"location": [9.965667724609375, 10.81907844543457, -0.25364819169044495], "rotation": [0.0, -0.0, 1.5707963705062866]}], [{"location": [9.965667724609375, 10.81907844543457, -0.25364819169044495], "rotation": [0.0, -0.0, 1.5707963705062866]}], [{"location": [9.965667724609375, 10.81907844543457, -0.25364819169044495], "rotation": [0.0, -0.0, 1.5707963705062866]}], [{"location": [9.965667724609375, 10.81907844543457, -0.25364819169044495], "rotation": [0.0, -0.0, 1.5707963705062866]}], [{"location": [9.965667724609375, 10.81907844543457, -0.25364819169044495], "rotation": [0.0, -0.0, 1.5707963705062866]}], [{"location": [9.965667724609375, 10.81907844543457, -0.25364819169044495], "rotation": [0.0, -0.0, 1.5707963705062866]}], [{"location": [9.965667724609375, 10.81907844543457, -0.25364819169044495], "rotation": [0.0, -0.0, 1.5707963705062866]}], [{"location": [9.965667724609375, 10.81907844543457, -0.25364819169044495], "rotation": [0.0, -0.0, 1.5707963705062866]}], [{"location": [9.965667724609375, 10.81907844543457, -0.25364819169044495], "rotation": [0.0, -0.0, 1.5707963705062866]}], [{"location": [9.965667724609375, 10.81907844543457, -0.25364819169044495], "rotation": [0.0, -0.0, 1.5707963705062866]}], [{"location": [9.965667724609375, 10.81907844543457, -0.25364819169044495], "rotation": [0.0, -0.0, 1.5707963705062866]}], [{"location": [9.965667724609375, 10.81907844543457, -0.25364819169044495], "rotation": [0.0, -0.0, 1.5707963705062866]}], [{"location": [9.965667724609375, 10.81907844543457, -0.25364819169044495], "rotation": [0.0, -0.0, 1.5707963705062866]}], [{"location": [9.965667724609375, 10.81907844543457, -0.25364819169044495], "rotation": [0.0, -0.0, 1.5707963705062866]}], [{"location": [9.965667724609375, 10.81907844543457, -0.25364819169044495], "rotation": [0.0, -0.0, 1.5707963705062866]}], [{"location": [9.965667724609375, 10.81907844543457, -0.25364819169044495], "rotation": [0.0, -0.0, 1.5707963705062866]}], [{"location": [9.965667724609375, 10.81907844543457, -0.25364819169044495], "rotation": [0.0, -0.0, 1.5707963705062866]}], [{"location": [9.965667724609375, 10.81907844543457, -0.25364819169044495], "rotation": [0.0, -0.0, 1.5707963705062866]}], [{"location": [9.965667724609375, 10.81907844543457, -0.25364819169044495], "rotation": [0.0, -0.0, 1.5707963705062866]}], [{"location": [9.965667724609375, 10.81907844543457, -0.25364819169044495], "rotation": [0.0, -0.0, 1.5707963705062866]}], [{"location": [9.965667724609375, 10.81907844543457, -0.25364819169044495], "rotation": [0.0, -0.0, 1.5707963705062866]}], [{"location": [9.965667724609375, 10.81907844543457, -0.25364819169044495], "rotation": [0.0, -0.0, 1.5707963705062866]}], [{"location": [9.965667724609375, 10.81907844543457, -0.25364819169044495], "rotation": [0.0, -0.0, 1.5707963705062866]}], [{"location": [9.965667724609375, 10.81907844543457, -0.25364819169044495], "rotation": [0.0, -0.0, 1.5707963705062866]}], [{"location": [9.965667724609375, 10.81907844543457, -0.25364819169044495], "rotation": [0.0, -0.0, 1.5707963705062866]}], [{"location": [9.965667724609375, 10.81907844543457, -0.25364819169044495], "rotation": [0.0, -0.0, 1.5707963705062866]}], [{"location": [9.965667724609375, 10.81907844543457, -0.25364819169044495], "rotation": [0.0, -0.0, 1.5707963705062866]}], [{"location": [9.965667724609375, 10.81907844543457, -0.25364819169044495], "rotation": [0.0, -0.0, 1.5707963705062866]}], [{"location": [9.965667724609375, 10.81907844543457, -0.25364819169044495], "rotation": [0.0, -0.0, 1.5707963705062866]}], [{"location": [9.965667724609375, 10.81907844543457, -0.25364819169044495], "rotation": [0.0, -0.0, 1.5707963705062866]}], [{"location": [9.965667724609375, 10.81907844543457, -0.25364819169044495], "rotation": [0.0, -0.0, 1.5707963705062866]}], [{"location": [9.965667724609375, 10.81907844543457, -0.25364819169044495], "rotation": [0.0, -0.0, 1.5707963705062866]}], [{"location": [9.965667724609375, 10.81907844543457, -0.25364819169044495], "rotation": [0.0, -0.0, 1.5707963705062866]}], [{"location": [9.965667724609375, 10.81907844543457, -0.25364819169044495], "rotation": [0.0, -0.0, 1.5707963705062866]}], [{"location": [9.965667724609375, 10.81907844543457, -0.25364819169044495], "rotation": [0.0, -0.0, 1.5707963705062866]}], [{"location": [9.965667724609375, 10.81907844543457, -0.25364819169044495], "rotation": [0.0, -0.0, 1.5707963705062866]}], [{"location": [9.965667724609375, 10.81907844543457, -0.25364819169044495], "rotation": [0.0, -0.0, 1.5707963705062866]}], [{"location": [9.965667724609375, 10.81907844543457, -0.25364819169044495], "rotation": [0.0, -0.0, 1.5707963705062866]}], [{"location": [9.965667724609375, 10.81907844543457, -0.25364819169044495], "rotation": [0.0, -0.0, 1.5707963705062866]}], [{"location": [9.965667724609375, 10.81907844543457, -0.25364819169044495], "rotation": [0.0, -0.0, 1.5707963705062866]}], [{"location": [9.965667724609375, 10.81907844543457, -0.25364819169044495], "rotation": [0.0, -0.0, 1.5707963705062866]}]]}